Time,V1,V2,V3,V4,V5,V6,V7,V8,V9,V10,V11,V12,V13,V14,V15,V16,V17,V18,V19,V20,V21,V22,V23,V24,V25,V26,V27,V28,Amount,Class
0,-1.359807,-0.0727812,-2.53635,-0.747172,-0.637458,0.101288,-0.339846,0.167454,-0.100781,-0.0510649,-0.0648149,-0.221254,0.0887391,-0.551542,0.405587,-0.384330,-0.0712621,-0.128539,-0.189115,-0.0139111,-0.0553120,-0.0179333,-0.0472455,-0.0799808,0.0764761,-0.0222257,-0.0638671,0.0965140,149.62,0
0,1.191857,0.266151,0.166480,0.448154,0.060018,-0.082361,-0.078803,0.085102,-0.255425,-0.166974,1.612727,-1.052559,-0.029728,-0.469474,-0.359855,-0.318302,0.405986,-0.051950,-0.078387,0.247676,-0.220641,-0.069083,-0.268458,-0.204269,0.502292,-0.038626,-0.234236,-0.027727,2.69,0
0,-1.358354,-1.340163,-1.773318,-0.379780,-0.503198,-0.810838,-0.845957,0.159675,-0.296641,-0.113255,-0.669637,0.119205,-0.169911,0.141267,-0.206010,0.502292,-0.038626,-0.234236,-0.027727,-0.032994,-0.220641,-0.069083,-0.268458,-0.204269,1.802276,-0.078471,-0.069083,-0.027727,378.66,0
0,-0.966272,-0.185226,1.792993,-0.863291,-0.010309,1.247203,0.237609,0.377436,-1.387024,-0.054952,-0.226487,0.178228,0.507757,-0.287924,0.769689,-0.469474,-0.359855,-0.318302,0.405986,-0.051950,-0.078387,0.247676,-0.220641,-0.069083,-0.268458,-0.204269,0.502292,-0.038626,0.00,0
0,-1.158233,0.877737,1.548787,0.403034,-0.407193,0.095921,0.592941,-0.270533,0.817739,0.753074,-0.822843,0.538196,1.345852,-1.119670,0.175121,-0.451449,0.057504,0.024330,-0.002321,0.277838,-0.110474,-0.169099,0.003309,-0.137028,0.502292,-0.038626,-0.234236,-0.027727,7.75,0
0,-0.847713,-1.047481,-1.845726,-1.247675,-0.524780,-0.584752,-0.921575,-0.635715,-0.325117,-1.066822,0.449167,-0.080308,-1.739287,-0.705117,-0.103291,0.502292,-0.038626,-0.234236,-0.027727,-0.032994,-0.220641,-0.069083,-0.268458,-0.204269,1.802276,-0.078471,-0.069083,-0.027727,205.10,0
0,0.931993,0.145701,-1.039047,-0.147995,1.414202,0.049149,0.163524,-0.209743,0.206061,0.245911,-1.193119,0.128472,0.543493,-1.268029,-0.141606,0.502292,-0.038626,-0.234236,-0.027727,-0.032994,-0.220641,-0.069083,-0.268458,-0.204269,1.802276,-0.078471,-0.069083,-0.027727,63.30,0
0,-0.965099,1.325631,-1.516614,-0.403040,-0.771812,-0.968099,-0.708263,-0.764279,-0.599497,-1.019755,1.145668,-0.451649,-0.063202,0.502292,-0.038626,-0.234236,-0.027727,-0.032994,-0.220641,-0.069083,-0.268458,-0.204269,1.802276,-0.078471,-0.069083,-0.027727,-0.132030,106.80,0
0,-0.787019,-0.606814,-1.485316,-0.843056,1.364404,-1.180813,-0.358242,-0.327848,-0.307654,-1.044410,-1.230909,-0.562010,-1.094601,-0.232462,-0.087652,-0.061408,0.502292,-0.038626,-0.234236,-0.027727,-0.032994,-0.220641,-0.069083,-0.268458,-0.204269,1.802276,-0.078471,-0.069083,-0.027727,21.71,0
0,-0.935483,0.061188,-1.137841,-0.033839,-0.217255,0.877292,0.108215,-0.127842,-0.132253,-0.108213,0.800776,-0.916514,-0.139156,0.502292,-0.038626,-0.234236,-0.027727,-0.032994,-0.220641,-0.069083,-0.268458,-0.204269,1.802276,-0.078471,-0.069083,-0.027727,-0.132030,10.51,1
0,1.169472,-0.623400,-1.237622,-1.176380,-0.335141,-0.163017,1.097872,0.244569,-0.622557,0.405986,-0.051950,-0.078387,0.247676,-0.220641,-0.069083,-0.268458,-0.204269,0.502292,-0.038626,-0.234236,-0.027727,-0.032994,-0.220641,-0.069083,-0.268458,-0.204269,1.802276,-0.078471,7.80,1
0,-1.123779,1.121653,1.127213,-0.835344,0.224903,0.018765,-0.091860,-0.211359,1.108730,-0.798503,-0.054952,-0.226487,0.178228,0.507757,-0.287924,0.769689,-0.469474,-0.359855,-0.318302,0.405986,-0.051950,-0.078387,0.247676,-0.220641,-0.069083,-0.268458,-0.204269,1.802276,-0.078471,24.79,1
0,-0.570322,-0.544758,-0.516851,-0.699325,0.637760,-0.329199,-0.293003,-0.057627,0.405986,-0.051950,-0.078387,0.247676,-0.220641,-0.069083,-0.268458,-0.204269,0.502292,-0.038626,-0.234236,-0.027727,-0.032994,-0.220641,-0.069083,-0.268458,-0.204269,1.802276,-0.078471,-0.069083,480.49,0
0,-0.462968,1.023081,-1.023812,-1.123032,-0.027747,-0.166151,0.405986,-0.051950,-0.078387,0.247676,-0.220641,-0.069083,-0.268458,-0.204269,0.502292,-0.038626,-0.234236,-0.027727,-0.032994,-0.220641,-0.069083,-0.268458,-0.204269,1.802276,-0.078471,-0.069083,-0.027727,15.99,0
0,-0.767607,-1.150805,1.436675,-0.134522,-0.920057,0.676839,-0.568350,-0.110305,-0.046433,-0.141256,0.502292,-0.038626,-0.234236,-0.027727,-0.032994,-0.220641,-0.069083,-0.268458,-0.204269,1.802276,-0.078471,-0.069083,-0.027727,-0.132030,-0.098199,0.502292,-0.038626,102.89,0
0,-0.842482,-0.307276,1.763506,-0.508147,-0.811725,-0.662854,0.405986,-0.051950,-0.078387,0.247676,-0.220641,-0.069083,-0.268458,-0.204269,0.502292,-0.038626,-0.234236,-0.027727,-0.032994,-0.220641,-0.069083,-0.268458,-0.204269,1.802276,-0.078471,-0.069083,-0.027727,143.50,0
0,-0.934486,1.153643,-1.109208,0.098265,-0.436488,1.122055,-0.082361,-0.078803,0.085102,-0.255425,-0.166974,1.612727,-1.052559,-0.029728,-0.469474,-0.359855,-0.318302,0.405986,-0.051950,-0.078387,0.247676,-0.220641,-0.069083,-0.268458,-0.204269,0.502292,-0.038626,-0.234236,157.50,0
0,1.196118,0.146127,1.738190,0.625137,-0.264006,0.065735,0.405986,-0.051950,-0.078387,0.247676,-0.220641,-0.069083,-0.268458,-0.204269,0.502292,-0.038626,-0.234236,-0.027727,-0.032994,-0.220641,-0.069083,-0.268458,-0.204269,1.802276,-0.078471,-0.069083,-0.027727,76.79,0
0,-1.015800,1.022321,-0.816206,0.027851,0.053088,-0.132768,-0.016510,0.061263,-0.115364,-0.076788,-0.206010,0.502292,-0.038626,-0.234236,-0.027727,-0.032994,-0.220641,-0.069083,-0.268458,-0.204269,1.802276,-0.078471,-0.069083,-0.027727,-0.132030,0.028839,65.33,0
0,0.931993,-0.331888,-0.704843,-0.118702,1.249183,-1.265970,-0.439813,0.405986,-0.051950,-0.078387,0.247676,-0.220641,-0.069083,-0.268458,-0.204269,0.502292,-0.038626,-0.234236,-0.027727,-0.032994,-0.220641,-0.069083,-0.268458,-0.204269,1.802276,-0.078471,-0.069083,8.10,0
